Gene,FW,RV,var_start,var_end,WT,MUT
nalD,CTGGAAGTGCCAGTAGACGG,AAATACTTCGAGTCCGCCCG,123,132,yes,yes
anmK,GGTTCATGCCGGATGGTTTG,GATCGAGCAAGGTGATCGCA,108,112,yes,yes
sltB1_P01,CAAGTACTGCGTACATGGGC,GCATCGAGGATCGACTGCTT,78,88,yes,yes
sulP,CTGGTGGACCTGTCGATGAT,ATGGATGTGCAGCAGGTTCT,116,130,yes,yes
oprD,CGACGGTACCAAGGTCGATT,CGTTGCCTGTCGGTCGATTA,98,102,yes,yes
ampD_P09,TTGGAATCGGTCAATCCGGC,CAACGACTTCTCCCTTGGCA,78,92,yes,yes
sltB1_P09,ATCATCGGCGTGGAAACCTT,CTGCCACAATTCATGCCGAG,145,157,yes,yes
wbpL,CGCTCTTTCCCTGCTGTTGA,GGATACCAGTGGCCAGATCC,101,112,yes,yes
ampR,CGAAGCGGATCGCGTAGTC,TGCTGTGTGACTCCTTCGAC,35,45,yes,didn't work
mexR,CTTCCAGCTCTTCCTCACCG,ACCTGAAACGAAAAACGCCG,107,124,yes,yes
ampD_P42,CTTGGCATCGAACTGGAGGG,AGCAACACCAGGAACGTCAT,142,155,"yes - not in either t1, t2","yes - not in either t1, t2"
PA0810,GGCTTGTAGTGGCCGAACAG,CTGCTGCAACGCATCACTG,95,105,yes,yes